{
  "version": 1,
  "author": "Kammara Kaveri",
  "editor": "wokwi",
  "parts": [
    { "type": "board-esp32-devkit-c-v4", "id": "esp", "top": 0, "left": -4.76, "attrs": {} },
    { "type": "wokwi-led", "id": "led1", "top": -42, "left": -188.2, "attrs": { "color": "red" } }
  ],
  "connections": [
    [ "esp:TX", "$serialMonitor:RX", "", [] ],
    [ "esp:RX", "$serialMonitor:TX", "", [] ],
    [ "esp:D2", "led1:A", "green", [ "h-163.05", "v-67.2" ] ],
    [ "esp:GND.1", "led1:C", "black", [ "h0" ] ]
  ],
  "dependencies": {}
}